<?xml version="1.0" encoding="UTF-8"?>
<rss version="2.0" xmlns:atom="http://www.w3.org/2005/Atom">
  <channel>
    <title>Test Site</title>
    <description>This is a test site for HTML5, CSS, and Javascript experiments.
</description>
    <link>http://bernovie.github.io/</link>
    <atom:link href="http://bernovie.github.io/feed.xml" rel="self" type="application/rss+xml"/>
    <pubDate>Mon, 09 Oct 2017 02:27:58 -0500</pubDate>
    <lastBuildDate>Mon, 09 Oct 2017 02:27:58 -0500</lastBuildDate>
    <generator>Jekyll v3.2.1</generator>
    
      <item>
        <title>How to Make an Automatic Mouse Clicker</title>
        <description>&lt;p&gt;The other day I was searching for tutorials on the internet on how to create
an automatic mouse clicker with Apple Script, but I just couldn’t find anything that worked. Some websites said it was possible by telling process “X” to call the function click, like so:&lt;/p&gt;

&lt;figure class=&quot;highlight&quot;&gt;&lt;pre&gt;&lt;code class=&quot;language-applescript&quot; data-lang=&quot;applescript&quot;&gt;&lt;span class=&quot;k&quot;&gt;tell&lt;/span&gt;&lt;span class=&quot;w&quot;&gt; &lt;/span&gt;&lt;span class=&quot;nb&quot;&gt;application&lt;/span&gt;&lt;span class=&quot;w&quot;&gt; &lt;/span&gt;&lt;span class=&quot;s2&quot;&gt;&quot;System Events&quot;&lt;/span&gt;&lt;span class=&quot;w&quot;&gt;
          &lt;/span&gt;&lt;span class=&quot;k&quot;&gt;tell&lt;/span&gt;&lt;span class=&quot;w&quot;&gt; &lt;/span&gt;&lt;span class=&quot;nv&quot;&gt;process&lt;/span&gt;&lt;span class=&quot;w&quot;&gt; &lt;/span&gt;&lt;span class=&quot;s2&quot;&gt;&quot;X&quot;&lt;/span&gt;&lt;span class=&quot;w&quot;&gt;
                    &lt;/span&gt;&lt;span class=&quot;nv&quot;&gt;click&lt;/span&gt;&lt;span class=&quot;w&quot;&gt; &lt;/span&gt;&lt;span class=&quot;nb&quot;&gt;at&lt;/span&gt;&lt;span class=&quot;w&quot;&gt; &lt;/span&gt;&lt;span class=&quot;p&quot;&gt;{&lt;/span&gt;&lt;span class=&quot;mi&quot;&gt;100&lt;/span&gt;&lt;span class=&quot;p&quot;&gt;,&lt;/span&gt;&lt;span class=&quot;w&quot;&gt; &lt;/span&gt;&lt;span class=&quot;mi&quot;&gt;200&lt;/span&gt;&lt;span class=&quot;p&quot;&gt;}&lt;/span&gt;&lt;span class=&quot;w&quot;&gt;
          &lt;/span&gt;&lt;span class=&quot;k&quot;&gt;end&lt;/span&gt;&lt;span class=&quot;w&quot;&gt; &lt;/span&gt;&lt;span class=&quot;k&quot;&gt;tell&lt;/span&gt;&lt;span class=&quot;w&quot;&gt;
&lt;/span&gt;&lt;span class=&quot;k&quot;&gt;end&lt;/span&gt;&lt;span class=&quot;w&quot;&gt; &lt;/span&gt;&lt;span class=&quot;k&quot;&gt;tell&lt;/span&gt;&lt;/code&gt;&lt;/pre&gt;&lt;/figure&gt;

&lt;p&gt;I tried it but it didn’t really work. The thing is that click can only click on UI elements like tabs of the application.&lt;/p&gt;
</description>
        <pubDate>Fri, 22 Sep 2017 00:00:00 -0500</pubDate>
        <link>http://bernovie.github.io/tutorial/%20blog/%20mouse/2017/09/22/Automatic-Mouse-Clicker.html</link>
        <guid isPermaLink="true">http://bernovie.github.io/tutorial/%20blog/%20mouse/2017/09/22/Automatic-Mouse-Clicker.html</guid>
        
        
        <category>tutorial</category>
        
        <category> blog</category>
        
        <category> mouse</category>
        
      </item>
    
      <item>
        <title>Code for the Tree</title>
        <description>&lt;p&gt;Visit this page in &lt;code class=&quot;highlighter-rouge&quot;&gt;github&lt;/code&gt; following this link: &lt;a href=&quot;https://github.com/bernovie/bernovie.github.io&quot;&gt;bernovie.&lt;/a&gt;
If you want to embed the family tree in your website simply copy and paste the following HTML code:&lt;/p&gt;

&lt;figure class=&quot;highlight&quot;&gt;&lt;pre&gt;&lt;code class=&quot;language-html&quot; data-lang=&quot;html&quot;&gt;&lt;span class=&quot;cp&quot;&gt;&amp;lt;!DOCTYPE html&amp;gt;&lt;/span&gt;
&lt;span class=&quot;nt&quot;&gt;&amp;lt;html&lt;/span&gt; &lt;span class=&quot;na&quot;&gt;lang=&lt;/span&gt;&lt;span class=&quot;s&quot;&gt;&quot;en&quot;&lt;/span&gt;&lt;span class=&quot;nt&quot;&gt;&amp;gt;&lt;/span&gt;

&lt;span class=&quot;nt&quot;&gt;&amp;lt;head&amp;gt;&lt;/span&gt;
    &lt;span class=&quot;nt&quot;&gt;&amp;lt;meta&lt;/span&gt; &lt;span class=&quot;na&quot;&gt;charset=&lt;/span&gt;&lt;span class=&quot;s&quot;&gt;&quot;utf-8&quot;&lt;/span&gt; &lt;span class=&quot;nt&quot;&gt;/&amp;gt;&lt;/span&gt;
    &lt;span class=&quot;nt&quot;&gt;&amp;lt;meta&lt;/span&gt; &lt;span class=&quot;na&quot;&gt;http-equiv=&lt;/span&gt;&lt;span class=&quot;s&quot;&gt;&quot;X-UA-Compatible&quot;&lt;/span&gt; &lt;span class=&quot;na&quot;&gt;content=&lt;/span&gt;&lt;span class=&quot;s&quot;&gt;&quot;IE=edge&quot;&lt;/span&gt;&lt;span class=&quot;nt&quot;&gt;&amp;gt;&lt;/span&gt;
    &lt;span class=&quot;nt&quot;&gt;&amp;lt;meta&lt;/span&gt; &lt;span class=&quot;na&quot;&gt;name=&lt;/span&gt;&lt;span class=&quot;s&quot;&gt;&quot;viewport&quot;&lt;/span&gt; &lt;span class=&quot;na&quot;&gt;content=&lt;/span&gt;&lt;span class=&quot;s&quot;&gt;&quot;width=device-width, initial-scale=1&quot;&lt;/span&gt;&lt;span class=&quot;nt&quot;&gt;&amp;gt;&lt;/span&gt;    
    &lt;span class=&quot;nt&quot;&gt;&amp;lt;script &lt;/span&gt;&lt;span class=&quot;na&quot;&gt;type=&lt;/span&gt;&lt;span class=&quot;s&quot;&gt;&quot;text/javascript&quot;&lt;/span&gt; &lt;span class=&quot;na&quot;&gt;src=&lt;/span&gt;&lt;span class=&quot;s&quot;&gt;&quot;http://code.jquery.com/jquery-latest.min.js&quot;&lt;/span&gt;&lt;span class=&quot;nt&quot;&gt;&amp;gt;&amp;lt;/script&amp;gt;&lt;/span&gt;

        &lt;span class=&quot;c&quot;&gt;&amp;lt;!-- Latest compiled and minified CSS --&amp;gt;&lt;/span&gt;
&lt;span class=&quot;nt&quot;&gt;&amp;lt;link&lt;/span&gt; &lt;span class=&quot;na&quot;&gt;href=&lt;/span&gt;&lt;span class=&quot;s&quot;&gt;&quot;https://maxcdn.bootstrapcdn.com/bootstrap/3.3.7/css/bootstrap.min.css&quot;&lt;/span&gt; &lt;span class=&quot;na&quot;&gt;rel=&lt;/span&gt;&lt;span class=&quot;s&quot;&gt;&quot;stylesheet&quot;&lt;/span&gt; &lt;span class=&quot;na&quot;&gt;integrity=&lt;/span&gt;&lt;span class=&quot;s&quot;&gt;&quot;sha384-BVYiiSIFeK1dGmJRAkycuHAHRg32OmUcww7on3RYdg4Va+PmSTsz/K68vbdEjh4u&quot;&lt;/span&gt; &lt;span class=&quot;na&quot;&gt;crossorigin=&lt;/span&gt;&lt;span class=&quot;s&quot;&gt;&quot;anonymous&quot;&lt;/span&gt;&lt;span class=&quot;nt&quot;&gt;&amp;gt;&lt;/span&gt;

&lt;span class=&quot;c&quot;&gt;&amp;lt;!-- Latest compiled and minified JavaScript --&amp;gt;&lt;/span&gt;
&lt;span class=&quot;nt&quot;&gt;&amp;lt;script &lt;/span&gt;&lt;span class=&quot;na&quot;&gt;src=&lt;/span&gt;&lt;span class=&quot;s&quot;&gt;&quot;https://maxcdn.bootstrapcdn.com/bootstrap/3.3.7/js/bootstrap.min.js&quot;&lt;/span&gt; &lt;span class=&quot;na&quot;&gt;integrity=&lt;/span&gt;&lt;span class=&quot;s&quot;&gt;&quot;sha384-Tc5IQib027qvyjSMfHjOMaLkfuWVxZxUPnCJA7l2mCWNIpG9mGCD8wGNIcPD7Txa&quot;&lt;/span&gt; &lt;span class=&quot;na&quot;&gt;crossorigin=&lt;/span&gt;&lt;span class=&quot;s&quot;&gt;&quot;anonymous&quot;&lt;/span&gt;&lt;span class=&quot;nt&quot;&gt;&amp;gt;&amp;lt;/script&amp;gt;&lt;/span&gt;
&lt;span class=&quot;nt&quot;&gt;&amp;lt;link&lt;/span&gt; &lt;span class=&quot;na&quot;&gt;href=&lt;/span&gt;&lt;span class=&quot;s&quot;&gt;&quot;/css/main.css&quot;&lt;/span&gt; &lt;span class=&quot;na&quot;&gt;rel=&lt;/span&gt;&lt;span class=&quot;s&quot;&gt;&quot;stylesheet&quot;&lt;/span&gt;&lt;span class=&quot;nt&quot;&gt;&amp;gt;&lt;/span&gt;
&lt;span class=&quot;nt&quot;&gt;&amp;lt;link&lt;/span&gt; &lt;span class=&quot;na&quot;&gt;href=&lt;/span&gt;&lt;span class=&quot;s&quot;&gt;&quot;/css/jumbotron-narrow.css&quot;&lt;/span&gt; &lt;span class=&quot;na&quot;&gt;rel=&lt;/span&gt;&lt;span class=&quot;s&quot;&gt;&quot;stylesheet&quot;&lt;/span&gt; &lt;span class=&quot;na&quot;&gt;type=&lt;/span&gt;&lt;span class=&quot;s&quot;&gt;&quot;text/css&quot;&lt;/span&gt;&lt;span class=&quot;nt&quot;&gt;&amp;gt;&lt;/span&gt;
&lt;span class=&quot;nt&quot;&gt;&amp;lt;link&lt;/span&gt; &lt;span class=&quot;na&quot;&gt;href=&lt;/span&gt;&lt;span class=&quot;s&quot;&gt;&quot;Treant.css&quot;&lt;/span&gt; &lt;span class=&quot;na&quot;&gt;rel=&lt;/span&gt;&lt;span class=&quot;s&quot;&gt;&quot;stylesheet&quot;&lt;/span&gt; &lt;span class=&quot;na&quot;&gt;type=&lt;/span&gt;&lt;span class=&quot;s&quot;&gt;&quot;text/css&quot;&lt;/span&gt;&lt;span class=&quot;nt&quot;&gt;&amp;gt;&lt;/span&gt;
&lt;span class=&quot;nt&quot;&gt;&amp;lt;link&lt;/span&gt; &lt;span class=&quot;na&quot;&gt;rel=&lt;/span&gt;&lt;span class=&quot;s&quot;&gt;&quot;stylesheet&quot;&lt;/span&gt; &lt;span class=&quot;na&quot;&gt;href=&lt;/span&gt;&lt;span class=&quot;s&quot;&gt;&quot;/perfect-scrollbar/perfect-scrollbar.css&quot;&lt;/span&gt; &lt;span class=&quot;na&quot;&gt;type=&lt;/span&gt;&lt;span class=&quot;s&quot;&gt;&quot;text/css&quot;&lt;/span&gt;&lt;span class=&quot;nt&quot;&gt;&amp;gt;&lt;/span&gt;


&lt;span class=&quot;c&quot;&gt;&amp;lt;!--   &amp;lt;link rel=&quot;stylesheet&quot; type=&quot;text/css&quot; href=&quot;css/index.css&quot; /&amp;gt; --&amp;gt;&lt;/span&gt;
 &lt;span class=&quot;nt&quot;&gt;&amp;lt;/head&amp;gt;&lt;/span&gt;

&lt;span class=&quot;nt&quot;&gt;&amp;lt;body&amp;gt;&lt;/span&gt; 
        &lt;span class=&quot;c&quot;&gt;&amp;lt;!--- Narrow Jumbotron Example --&amp;gt;&lt;/span&gt; 
    &lt;span class=&quot;nt&quot;&gt;&amp;lt;div&lt;/span&gt; &lt;span class=&quot;na&quot;&gt;class=&lt;/span&gt;&lt;span class=&quot;s&quot;&gt;&quot;container&quot;&lt;/span&gt;&lt;span class=&quot;nt&quot;&gt;&amp;gt;&lt;/span&gt;
      &lt;span class=&quot;nt&quot;&gt;&amp;lt;div&lt;/span&gt; &lt;span class=&quot;na&quot;&gt;class=&lt;/span&gt;&lt;span class=&quot;s&quot;&gt;&quot;header clearfix&quot;&lt;/span&gt;&lt;span class=&quot;nt&quot;&gt;&amp;gt;&lt;/span&gt;
        &lt;span class=&quot;nt&quot;&gt;&amp;lt;nav&amp;gt;&lt;/span&gt;
          &lt;span class=&quot;nt&quot;&gt;&amp;lt;ul&lt;/span&gt; &lt;span class=&quot;na&quot;&gt;class=&lt;/span&gt;&lt;span class=&quot;s&quot;&gt;&quot;nav nav-pills pull-right&quot;&lt;/span&gt;&lt;span class=&quot;nt&quot;&gt;&amp;gt;&lt;/span&gt;
            &lt;span class=&quot;nt&quot;&gt;&amp;lt;li&lt;/span&gt; &lt;span class=&quot;na&quot;&gt;role=&lt;/span&gt;&lt;span class=&quot;s&quot;&gt;&quot;presentation&quot;&lt;/span&gt; &lt;span class=&quot;na&quot;&gt;class =&lt;/span&gt;&lt;span class=&quot;s&quot;&gt;&quot;active&quot;&lt;/span&gt; &lt;span class=&quot;nt&quot;&gt;&amp;gt;&amp;lt;a&lt;/span&gt; &lt;span class=&quot;na&quot;&gt;href=&lt;/span&gt;&lt;span class=&quot;s&quot;&gt;&quot;http://bernovie.github.io&quot;&lt;/span&gt;&lt;span class=&quot;nt&quot;&gt;&amp;gt;&lt;/span&gt;Home&lt;span class=&quot;nt&quot;&gt;&amp;lt;/a&amp;gt;&amp;lt;/li&amp;gt;&lt;/span&gt;
            &lt;span class=&quot;nt&quot;&gt;&amp;lt;li&lt;/span&gt; &lt;span class=&quot;na&quot;&gt;role=&lt;/span&gt;&lt;span class=&quot;s&quot;&gt;&quot;presentation&quot;&lt;/span&gt;&lt;span class=&quot;nt&quot;&gt;&amp;gt;&amp;lt;a&lt;/span&gt; &lt;span class=&quot;na&quot;&gt;href=&lt;/span&gt;&lt;span class=&quot;s&quot;&gt;&quot;/about/index.html&quot;&lt;/span&gt;&lt;span class=&quot;nt&quot;&gt;&amp;gt;&lt;/span&gt;About&lt;span class=&quot;nt&quot;&gt;&amp;lt;/a&amp;gt;&amp;lt;/li&amp;gt;&lt;/span&gt;
            &lt;span class=&quot;nt&quot;&gt;&amp;lt;li&lt;/span&gt; &lt;span class=&quot;na&quot;&gt;role=&lt;/span&gt;&lt;span class=&quot;s&quot;&gt;&quot;presentation&quot;&lt;/span&gt;&lt;span class=&quot;nt&quot;&gt;&amp;gt;&amp;lt;a&lt;/span&gt; &lt;span class=&quot;na&quot;&gt;href=&lt;/span&gt;&lt;span class=&quot;s&quot;&gt;&quot;arbol.html&quot;&lt;/span&gt;&lt;span class=&quot;nt&quot;&gt;&amp;gt;&lt;/span&gt;Contact&lt;span class=&quot;nt&quot;&gt;&amp;lt;/a&amp;gt;&amp;lt;/li&amp;gt;&lt;/span&gt;
          &lt;span class=&quot;nt&quot;&gt;&amp;lt;/ul&amp;gt;&lt;/span&gt;
        &lt;span class=&quot;nt&quot;&gt;&amp;lt;/nav&amp;gt;&lt;/span&gt;
        &lt;span class=&quot;nt&quot;&gt;&amp;lt;h3&lt;/span&gt; &lt;span class=&quot;na&quot;&gt;class=&lt;/span&gt;&lt;span class=&quot;s&quot;&gt;&quot;text-muted&quot;&lt;/span&gt;&lt;span class=&quot;nt&quot;&gt;&amp;gt;&amp;lt;a&lt;/span&gt; &lt;span class=&quot;na&quot;&gt;href =&lt;/span&gt;&lt;span class=&quot;err&quot;&gt; &lt;/span&gt;&lt;span class=&quot;s&quot;&gt;&quot;http://bernovie.github.io&quot;&lt;/span&gt; &lt;span class=&quot;na&quot;&gt;style=&lt;/span&gt;&lt;span class=&quot;s&quot;&gt;&quot;color: rgba(201, 134, 134, 1)&quot;&lt;/span&gt; &lt;span class=&quot;nt&quot;&gt;&amp;gt;&lt;/span&gt;Árbol Genealógico&lt;span class=&quot;nt&quot;&gt;&amp;lt;/a&amp;gt;&amp;lt;/h3&amp;gt;&lt;/span&gt;
      &lt;span class=&quot;nt&quot;&gt;&amp;lt;/div&amp;gt;&lt;/span&gt; 

      &lt;span class=&quot;nt&quot;&gt;&amp;lt;div&lt;/span&gt; &lt;span class=&quot;na&quot;&gt;class=&lt;/span&gt;&lt;span class=&quot;s&quot;&gt;&quot;content&quot;&lt;/span&gt;&lt;span class=&quot;nt&quot;&gt;&amp;gt;&lt;/span&gt;
        &lt;span class=&quot;nt&quot;&gt;&amp;lt;html&lt;/span&gt; &lt;span class=&quot;na&quot;&gt;lang=&lt;/span&gt;&lt;span class=&quot;s&quot;&gt;&quot;en&quot;&lt;/span&gt;&lt;span class=&quot;nt&quot;&gt;&amp;gt;&lt;/span&gt;

&lt;span class=&quot;nt&quot;&gt;&amp;lt;head&amp;gt;&lt;/span&gt;
    &lt;span class=&quot;nt&quot;&gt;&amp;lt;meta&lt;/span&gt; &lt;span class=&quot;na&quot;&gt;charset=&lt;/span&gt;&lt;span class=&quot;s&quot;&gt;&quot;utf-8&quot;&lt;/span&gt; &lt;span class=&quot;nt&quot;&gt;/&amp;gt;&lt;/span&gt;
    &lt;span class=&quot;nt&quot;&gt;&amp;lt;meta&lt;/span&gt; &lt;span class=&quot;na&quot;&gt;http-equiv=&lt;/span&gt;&lt;span class=&quot;s&quot;&gt;&quot;X-UA-Compatible&quot;&lt;/span&gt; &lt;span class=&quot;na&quot;&gt;content=&lt;/span&gt;&lt;span class=&quot;s&quot;&gt;&quot;IE=edge&quot;&lt;/span&gt;&lt;span class=&quot;nt&quot;&gt;&amp;gt;&lt;/span&gt;
    &lt;span class=&quot;nt&quot;&gt;&amp;lt;meta&lt;/span&gt; &lt;span class=&quot;na&quot;&gt;name=&lt;/span&gt;&lt;span class=&quot;s&quot;&gt;&quot;viewport&quot;&lt;/span&gt; &lt;span class=&quot;na&quot;&gt;content=&lt;/span&gt;&lt;span class=&quot;s&quot;&gt;&quot;width=device-width, initial-scale=1&quot;&lt;/span&gt;&lt;span class=&quot;nt&quot;&gt;&amp;gt;&lt;/span&gt;    
        &lt;span class=&quot;c&quot;&gt;&amp;lt;!-- This is a wide open CSP declaration. To lock this down for production, see below. 
    &amp;lt;meta http-equiv=&quot;Content-Security-Policy&quot; content=&quot;default-src * 'unsafe-inline'; style-src 'self' 'unsafe-inline'; media-src *&quot; /&amp;gt;
        --&amp;gt;&lt;/span&gt;
    &lt;span class=&quot;c&quot;&gt;&amp;lt;!-- Good default declaration:
    * gap: is required only on iOS (when using UIWebView) and is needed for JS-&amp;gt;native communication
    * https://ssl.gstatic.com is required only on Android and is needed for TalkBack to function properly
    * Disables use of eval() and inline scripts in order to mitigate risk of XSS vulnerabilities. To change this:
        * Enable inline JS: add 'unsafe-inline' to default-src
        * Enable eval(): add 'unsafe-eval' to default-src
    * Create your own at http://cspisawesome.com
    --&amp;gt;&lt;/span&gt;
    &lt;span class=&quot;c&quot;&gt;&amp;lt;!-- &amp;lt;meta http-equiv=&quot;Content-Security-Policy&quot; content=&quot;default-src 'self' data: gap: 'unsafe-inline' https://ssl.gstatic.com; style-src 'self' 'unsafe-inline'; media-src *&quot; /&amp;gt; --&amp;gt;&lt;/span&gt;
 &lt;span class=&quot;nt&quot;&gt;&amp;lt;script &lt;/span&gt;&lt;span class=&quot;na&quot;&gt;type=&lt;/span&gt;&lt;span class=&quot;s&quot;&gt;&quot;text/javascript&quot;&lt;/span&gt; &lt;span class=&quot;na&quot;&gt;src=&lt;/span&gt;&lt;span class=&quot;s&quot;&gt;&quot;http://code.jquery.com/jquery-latest.min.js&quot;&lt;/span&gt;&lt;span class=&quot;nt&quot;&gt;&amp;gt;&amp;lt;/script&amp;gt;&lt;/span&gt;

        &lt;span class=&quot;c&quot;&gt;&amp;lt;!-- Latest compiled and minified CSS --&amp;gt;&lt;/span&gt;
        &lt;span class=&quot;nt&quot;&gt;&amp;lt;link&lt;/span&gt; &lt;span class=&quot;na&quot;&gt;href=&lt;/span&gt;&lt;span class=&quot;s&quot;&gt;&quot;https://maxcdn.bootstrapcdn.com/bootstrap/3.3.7/css/bootstrap.min.css&quot;&lt;/span&gt; &lt;span class=&quot;na&quot;&gt;rel=&lt;/span&gt;&lt;span class=&quot;s&quot;&gt;&quot;stylesheet&quot;&lt;/span&gt; &lt;span class=&quot;na&quot;&gt;integrity=&lt;/span&gt;&lt;span class=&quot;s&quot;&gt;&quot;sha384-BVYiiSIFeK1dGmJRAkycuHAHRg32OmUcww7on3RYdg4Va+PmSTsz/K68vbdEjh4u&quot;&lt;/span&gt; &lt;span class=&quot;na&quot;&gt;crossorigin=&lt;/span&gt;&lt;span class=&quot;s&quot;&gt;&quot;anonymous&quot;&lt;/span&gt;&lt;span class=&quot;nt&quot;&gt;&amp;gt;&lt;/span&gt;

&lt;span class=&quot;c&quot;&gt;&amp;lt;!-- Latest compiled and minified JavaScript --&amp;gt;&lt;/span&gt;
&lt;span class=&quot;nt&quot;&gt;&amp;lt;script &lt;/span&gt;&lt;span class=&quot;na&quot;&gt;src=&lt;/span&gt;&lt;span class=&quot;s&quot;&gt;&quot;https://maxcdn.bootstrapcdn.com/bootstrap/3.3.7/js/bootstrap.min.js&quot;&lt;/span&gt; &lt;span class=&quot;na&quot;&gt;integrity=&lt;/span&gt;&lt;span class=&quot;s&quot;&gt;&quot;sha384-Tc5IQib027qvyjSMfHjOMaLkfuWVxZxUPnCJA7l2mCWNIpG9mGCD8wGNIcPD7Txa&quot;&lt;/span&gt; &lt;span class=&quot;na&quot;&gt;crossorigin=&lt;/span&gt;&lt;span class=&quot;s&quot;&gt;&quot;anonymous&quot;&lt;/span&gt;&lt;span class=&quot;nt&quot;&gt;&amp;gt;&amp;lt;/script&amp;gt;&lt;/span&gt;

&lt;span class=&quot;nt&quot;&gt;&amp;lt;link&lt;/span&gt; &lt;span class=&quot;na&quot;&gt;href=&lt;/span&gt;&lt;span class=&quot;s&quot;&gt;&quot;/css/jumbotron-narrow.css&quot;&lt;/span&gt; &lt;span class=&quot;na&quot;&gt;rel=&lt;/span&gt;&lt;span class=&quot;s&quot;&gt;&quot;stylesheet&quot;&lt;/span&gt; &lt;span class=&quot;na&quot;&gt;type=&lt;/span&gt;&lt;span class=&quot;s&quot;&gt;&quot;text/css&quot;&lt;/span&gt;&lt;span class=&quot;nt&quot;&gt;&amp;gt;&lt;/span&gt;

     &lt;span class=&quot;nt&quot;&gt;&amp;lt;div&lt;/span&gt; &lt;span class=&quot;na&quot;&gt;class=&lt;/span&gt;&lt;span class=&quot;s&quot;&gt;&quot;chart&quot;&lt;/span&gt; &lt;span class=&quot;na&quot;&gt;id=&lt;/span&gt;&lt;span class=&quot;s&quot;&gt;&quot;collapsable-example&quot;&lt;/span&gt;&lt;span class=&quot;nt&quot;&gt;&amp;gt;&amp;lt;/div&amp;gt;&lt;/span&gt;
 
    &lt;span class=&quot;nt&quot;&gt;&amp;lt;script &lt;/span&gt;&lt;span class=&quot;na&quot;&gt;src=&lt;/span&gt;&lt;span class=&quot;s&quot;&gt;&quot;/vendor/raphael.js&quot;&lt;/span&gt;&lt;span class=&quot;nt&quot;&gt;&amp;gt;&amp;lt;/script&amp;gt;&lt;/span&gt;
    &lt;span class=&quot;nt&quot;&gt;&amp;lt;script &lt;/span&gt;&lt;span class=&quot;na&quot;&gt;src=&lt;/span&gt;&lt;span class=&quot;s&quot;&gt;&quot;Treant.js&quot;&lt;/span&gt;&lt;span class=&quot;nt&quot;&gt;&amp;gt;&amp;lt;/script&amp;gt;&lt;/span&gt;
    
    &lt;span class=&quot;nt&quot;&gt;&amp;lt;script &lt;/span&gt;&lt;span class=&quot;na&quot;&gt;src=&lt;/span&gt;&lt;span class=&quot;s&quot;&gt;&quot;/vendor/jquery.min.js&quot;&lt;/span&gt;&lt;span class=&quot;nt&quot;&gt;&amp;gt;&amp;lt;/script&amp;gt;&lt;/span&gt;
    &lt;span class=&quot;nt&quot;&gt;&amp;lt;script &lt;/span&gt;&lt;span class=&quot;na&quot;&gt;src=&lt;/span&gt;&lt;span class=&quot;s&quot;&gt;&quot;/vendor/jquery.easing.js&quot;&lt;/span&gt;&lt;span class=&quot;nt&quot;&gt;&amp;gt;&amp;lt;/script&amp;gt;&lt;/span&gt;
        
    &lt;span class=&quot;nt&quot;&gt;&amp;lt;script &lt;/span&gt;&lt;span class=&quot;na&quot;&gt;src=&lt;/span&gt;&lt;span class=&quot;s&quot;&gt;&quot;collapsable.js&quot;&lt;/span&gt;&lt;span class=&quot;nt&quot;&gt;&amp;gt;&amp;lt;/script&amp;gt;&lt;/span&gt;
    
    &lt;span class=&quot;nt&quot;&gt;&amp;lt;script&amp;gt;&lt;/span&gt;
        &lt;span class=&quot;nx&quot;&gt;tree&lt;/span&gt; &lt;span class=&quot;o&quot;&gt;=&lt;/span&gt; &lt;span class=&quot;k&quot;&gt;new&lt;/span&gt; &lt;span class=&quot;nx&quot;&gt;Treant&lt;/span&gt;&lt;span class=&quot;p&quot;&gt;(&lt;/span&gt; &lt;span class=&quot;nx&quot;&gt;chart_config&lt;/span&gt; &lt;span class=&quot;p&quot;&gt;);&lt;/span&gt;
    &lt;span class=&quot;nt&quot;&gt;&amp;lt;/script&amp;gt;&lt;/span&gt;
&lt;span class=&quot;nt&quot;&gt;&amp;lt;/html&amp;gt;&lt;/span&gt;


    &lt;span class=&quot;nt&quot;&gt;&amp;lt;/div&amp;gt;&lt;/span&gt;

      &lt;span class=&quot;nt&quot;&gt;&amp;lt;footer&lt;/span&gt; &lt;span class=&quot;na&quot;&gt;class=&lt;/span&gt;&lt;span class=&quot;s&quot;&gt;&quot;footer&quot;&lt;/span&gt;&lt;span class=&quot;nt&quot;&gt;&amp;gt;&lt;/span&gt;
        &lt;span class=&quot;nt&quot;&gt;&amp;lt;p&amp;gt;&lt;/span&gt;&lt;span class=&quot;ni&quot;&gt;&amp;amp;copy;&lt;/span&gt; 2016 Oviedo, Inc.&lt;span class=&quot;nt&quot;&gt;&amp;lt;/p&amp;gt;&lt;/span&gt;
      &lt;span class=&quot;nt&quot;&gt;&amp;lt;/footer&amp;gt;&lt;/span&gt;
    &lt;span class=&quot;nt&quot;&gt;&amp;lt;/div&amp;gt;&lt;/span&gt; &lt;span class=&quot;c&quot;&gt;&amp;lt;!-- /container --&amp;gt;&lt;/span&gt;
    &lt;span class=&quot;c&quot;&gt;&amp;lt;!--- Narrow Jumbotron Example Finishes Here --&amp;gt;&lt;/span&gt;
&lt;span class=&quot;nt&quot;&gt;&amp;lt;/body&amp;gt;&lt;/span&gt;
&lt;span class=&quot;nt&quot;&gt;&amp;lt;/html&amp;gt;&lt;/span&gt;&lt;/code&gt;&lt;/pre&gt;&lt;/figure&gt;

</description>
        <pubDate>Fri, 30 Sep 2016 00:00:00 -0500</pubDate>
        <link>http://bernovie.github.io/testing/2016/09/30/Codigo-de-Arbol.html</link>
        <guid isPermaLink="true">http://bernovie.github.io/testing/2016/09/30/Codigo-de-Arbol.html</guid>
        
        
        <category>testing</category>
        
      </item>
    
  </channel>
</rss>
